Madlin,State of Florida DOH Central Pharmacy,Electronics
Anneliese,Dr.Reddy's Laboratories Limited,Health
Margeaux,Rebel Distributors Corp,Garden
Audrye,"Phoenix Global Supply Group, Inc",Computers
Bordy,Rhodes Pharmaceuticals L.P.,Books
Starlene,Rubbermaid Commercial Products LLC,Kids
Pembroke,CHANEL PARFUMS BEAUTE,Outdoors
Emlynne,Eli Lilly and Company,Garden
Manolo,REMEDYREPACK INC.,Outdoors
Elvis,"Preferred Pharmaceuticals, Inc.",Tools
Valida,"McNeil Consumer Healthcare Div. McNeil-PPC, Inc",Toys
Gustavo,Meijer Distribution Inc,Health
Remus,"Physicians Total Care, Inc.",Sports
Tildi,"HANLIM PHARM. CO., LTD.",Sports
Bel,Aidarex Pharmaceuticals LLC,Industrial
Anna-maria,LABORATOIRES M&L,Toys
Marley,"PD-Rx Pharmaceuticals, Inc.",Jewelery
Bryant,"Carver Korea Co.,Ltd",Books
Schuyler,"Elorac, Inc.",Beauty
Renado,"Valu Merchandisers, Co",Baby
Anselm,Parfums Christian Dior,Home
Christabella,Baxter Healthcare Corporation,Games
Ezra,American Sales Company,Outdoors
Mellisa,WALGREEN CO.,Games
Nico,Torrent Pharmaceuticals Limited,Jewelery
Armando,Afaxys Inc.,Tools
Brade,"Newton Laboratories, Inc.",Tools
Thadeus,HOMEOLAB USA INC.,Tools
Franchot,Quality Home Products,Grocery
Theresa,"Liberty Pharmaceuticals, Inc.",Jewelery
Gian,Dolgencorp Inc,Kids
Laetitia,Gambro Renal Products,Computers
Sinclair,"Electrolyzed Innovations, LLC",Clothing
Ludovico,"Aphena Pharma Solutions - Tennessee, LLC",Garden
Thelma,Procter & Gamble Manufacturing Company,Shoes
Margaretta,"Antigen Laboratories, Inc.",Industrial
Anstice,"Lannett Company, Inc.",Clothing
Lothaire,Ranbaxy Pharmaceuticals Inc.,Kids
Muffin,AbbVie Inc.,Automotive
Dori,"Richmond Pharmaceuticals, Inc.",Garden
Cherye,E. Fougera & Co. a division of Fougera Pharmaceuticals Inc.,Home
Harriot,"Vitality Works, Inc.",Beauty
Kellen,Wal-Mart,Industrial
Babb,"Antigen Laboratories, Inc.",Outdoors
Amii,Neutrogena Corporation,Outdoors
Rosella,Lake Erie Medical DBA Quality Care Products LLC,Tools
Kristel,"Nelco Laboratories, Inc.",Automotive
Sherlocke,Bayer HealthCare Consumer Care,Grocery
Bar,Aurobindo Pharma Limited,Electronics
Renard,Apotheca Company,Clothing
Mikaela,INO Therapeutics,Kids
Janetta,Hy-Vee,Electronics
Kaspar,"MSD Consumer Care, Inc.",Grocery
Odille,Insight Pharmaceuticals,Home
Tisha,"Physicians Total Care, Inc.",Garden
Huntley,"Physicians Total Care, Inc.",Movies
Caesar,REMEDYREPACK INC.,Industrial
Rebbecca,Morgan Gallacher Inc.,Electronics
Tyne,"Avon Products, Inc.",Home
Dexter,Qualitest Pharmaceuticals,Grocery
Armand,"Navarro Discount Pharmacies, LLC",Shoes
Falito,Efficient Laboratories Inc,Industrial
Burty,Lake Erie Medical & Surgical Supply DBA Quality Care Products LLC,Grocery
Lexi,Jafra Cosmetics International Inc,Baby
Marion,"Allermed Laboratories, Inc.",Home
Daisy,"Energique, Inc.",Clothing
Lodovico,Rij Pharmaceutical Corporation,Tools
Valida,Mylan Institutional Inc.,Tools
Laverna,"Northwind Pharmaceuticals,LLC",Tools
Michelina,Aidarex Pharmaceuticals LLC,Kids
Tiffany,Chia Gi LTD,Music
Koren,Hyland's,Sports
Regan,Uriel Pharmacy Inc.,Shoes
Catherin,Kmart Corporation,Jewelery
Dolorita,"NCS HealthCare of KY, Inc dba Vangard Labs",Shoes
Scotti,"Physicians Total Care, Inc.",Shoes
Myron,"IVAX Pharmaceuticals, Inc.",Grocery
Delmer,"Stephen L. LaFrance Pharmacy, Inc.",Computers
Lazarus,"Med-Health Pharma, LLC",Grocery
Monique,Superior Trading Company,Kids
Alayne,Meijer Distribution Inc,Games
Leigh,Magni Company,Automotive
Ainslie,"Global Pharmaceuticals, Division of Impax Laboratories, Inc.",Electronics
Aloysius,Budpak Inc.,Tools
Lazarus,"Antigen Laboratories, Inc.",Automotive
Austina,"Nelco Laboratories, Inc.",Jewelery
Tiebold,Par Pharmaceutical Inc.,Industrial
Jannelle,Teva Pharmaceuticals USA Inc,Grocery
Yance,E. Fougera & Co. a division of Fougera Pharmaceuticals Inc.,Sports
Ernst,"Avon Products, Inc",Games
Tresa,"Allergy Laboratories, Inc.",Games
Stafford,Cardinal Health,Tools
Jillana,ReadyMeds,Computers
Jessalin,"Med-Health Pharma, LLC",Industrial
Eirena,Uriel Pharmacy Inc.,Electronics
Quincey,CDMA/Quality Choice,Industrial
Luella,Rebel Distributors Corp,Shoes
Carly,THE KROGER CO,Kids
Joyce,Endo Pharmaceuticals,Sports
Mirelle,"General Injectables & Vaccines, Inc",Grocery
Austin,Winning Solutions,Games
Balduin,Cal Pharma,Jewelery
Reinald,Rebel Distributors Corp,Home
Lacee,Guerlain S.A.,Garden
Lyssa,Aaron Industries Inc.,Movies
Gray,"Fenwal, Inc.",Baby
Page,"Morton Grove Pharmaceuticals, Inc.",Movies
Nico,"Lifetech Resources, LLC",Beauty
Doreen,"SJ Creations, Inc.",Computers
Ephrayim,The Mentholatum Company,Automotive
Dyann,"PD-Rx Pharmaceuticals, Inc.",Home
Francoise,E. Fougera & Co. a division of Fougera Pharmaceuticals Inc.,Beauty
Fredrika,"Physicians Total Care, Inc.",Tools
Jefferey,Harmon Stores Inc,Baby
Larine,Rite Aid Corporation,Toys
Genni,"DLC Laboratories, Inc.",Games
Hermia,Amerisource Bergen,Electronics
Rory,Mylan Institutional LLC,Kids
Holmes,Procter & Gamble Manufacturing Company,Movies
Berkly,"Nelco Laboratories, Inc.",Grocery
Corbet,"Allergy Laboratories, Inc.",Movies
Teddi,Apotheca Company,Home
Sada,"AMI Cosmetic Co.,Ltd.",Computers
Giorgi,Ventura Corporation Ltd.,Clothing
Amitie,Zee Medical,Books
Neilla,Stat Rx USA,Baby
Loralyn,"Taro Pharmaceuticals U.S.A., Inc.",Jewelery
Gwyneth,Greenbrier International,Books
Jan,"GOJO Industries, Inc.",Computers
Whitman,Hannaford Brothers Company,Automotive
Ailina,"Roxane Laboratories, Inc",Clothing
Brenn,Sandoz Inc,Sports
Wren,"Family Dollar Services, Inc",Grocery
Shanda,Marco Pharma International LLC.,Movies
Julie,"International Medication Systems, Limited",Grocery
Erminia,STAT Rx USA LLC,Automotive
Dorian,"Carlsbad Technology, Inc.",Grocery
Clementius,"TRIGEN Laboratories, Inc.",Clothing
Hunt,"Par Pharmaceutical, Inc.",Shoes
Niel,"AAA Pharmaceutical, Inc.",Sports
Sasha,Apotheca Company,Automotive
Anne-marie,Ventura Corporation LTD,Books
Sancho,Safeway,Automotive
Carolynn,Jackson Welding Supply Co Inc.,Toys
Lorena,Hayden Caleel LLC,Jewelery
Ewan,"Autumn Harp, Inc.",Sports
Lezlie,American Health Packaging,Health
Kristel,"Lupin Pharmaceuticals, Inc.",Home
Fidelio,United Exchange Corp,Sports
Andre,Rite Aid,Automotive
Gabbie,"E. Fougera & CO., A division of Fougera Pharmaceuticals Inc.",Sports
Dominic,Rebel Distributors Corp,Shoes
Jaynell,"Cosco International, Inc.",Automotive
Hamish,"Deseret Biologicals, Inc.",Grocery
Fitzgerald,"Taro Pharmaceuticals U.S.A., Inc.",Shoes
Lilias,"SAVE-A-LOT FOOD STORES, LTD.",Books
Rani,L. Perrigo Company,Movies
Michaella,Merck Sharp & Dohme Corp.,Books
Milissent,Ohm Laboratories Inc.,Automotive
Colene,HOMEOLAB USA INC.,Tools
Demetrius,Wockhardt Limited,Music
Cale,TOP CARE (Topco Associates LLC),Games
Ambrosi,AnazaoHealth Corporation,Home
Newton,Parfums Christian Dior,Kids
Heloise,"Philosophy, Inc.",Beauty
Frankie,"Praxair Distribution, Inc",Books
Collen,Novo Nordisk,Baby
Bab,"NCS HealthCare of KY, Inc dba Vangard Labs",Clothing
Arin,Levlad LLC,Kids
Bartholomeus,Contract Pharmacy Services-PA,Baby
Jackie,Hikma Pharmaceutical,Games
Adrea,"Dispensing Solutions, Inc.",Toys
Pammie,Sanum Kehlbeck GmbH & Co. KG,Movies
Early,"Taro Pharmaceuticals U.S.A., Inc.",Toys
Erna,Mission Hills S.A de C.V,Music
Fidelio,Mylan Institutional Inc.,Industrial
Rozamond,World Club Supply Corp,Automotive
Julianne,"SEINDNI CO., LTD.",Jewelery
Adelice,Bryant Ranch Prepack,Shoes
Gaile,Teva Pharmaceuticals USA Inc,Health
Arman,"BioComp Pharma, Inc.",Books
Chic,"Cephalon, Inc.",Music
Ethyl,"AvKARE, Inc.",Beauty
Pierce,Teva Select Brands,Grocery
Neille,Citron Pharma LLC,Jewelery
Anselm,"Physicians Total Care, Inc.",Automotive
Davine,LAURA GELLER MAKE UP INC.,Baby
Jacklyn,Zydus Pharmaceuticals (USA) Inc.,Kids
Bette-ann,Keraplast Technologies LLC,Computers
Freddy,Best Choice (Valu Merchandisers Company),Games
Cherice,"Zogenix, Inc.",Electronics
George,"Morton Grove Pharmaceuticals, Inc.",Beauty
Cloe,SENA LLC,Kids
Debee,DZA Brands LLC,Garden
Lilian,Conopco Inc. d/b/a Unilever,Grocery
Oliviero,Topco Associates LLC,Books
Wyatan,Apotheca Company,Garden
Hildagarde,Dr.Reddy's Laboratories Limited,Beauty
Nevsa,Mylan Specialty,Movies
Mellisa,Lake Erie Medical DBA Quality Care Products LLC,Beauty
Spike,Apotex Corp.,Sports
Aarika,American Health Packaging,Health
Morey,Rebel Distributors Corp,Electronics
Windy,Meijer Distribution Inc,Kids
Constantino,Cardinal Health,Music
Emilee,Unit Dose Services,Outdoors
Belita,Meijer Distribution Inc,Electronics
Merrily,"Nelco Laboratories, Inc.",Outdoors
Lisabeth,Compressed Gas Solutions Inc,Books
Skippy,Midlothian Laboratories,Health
Stacy,Mylan Pharmaceuticals Inc.,Health
Brett,Apotheca Company,Movies
Lacy,Cardinal Health,Jewelery
Umeko,Unit Dose Services,Computers
Janna,Procter and Gamble Manufacturing Company,Baby
Adrea,REMEDYREPACK INC.,Health
Carmencita,Home Health,Grocery
Jerri,Perrigo New York Inc,Computers
Willy,"Marathon Pharmaceuticals, LLC",Home
Broderick,CVS Pharmacy,Grocery
Beilul,Virtus Pharmaceuticals LLC,Electronics
Willdon,Rite Aid,Movies
Robinette,Indiana Botanic Gardens,Outdoors
Nancie,Teva Pharmaceuticals USA Inc,Kids
Dottie,Hyland's,Toys
Richmound,American Sales Company,Computers
Gusty,Walgreen Company,Toys
Marya,"Nelco Laboratories, Inc.",Garden
Gilberte,"Hospira, Inc",Tools
Serena,Apotheca Company,Garden
Nan,"Safeway, Inc",Shoes
Nikita,Cardinal Health,Toys
Dinny,Access Business Group LLC,Tools
Collete,Mylan Pharmaceuticals Inc.,Music
Binky,Amerisource Bergen,Grocery
Aurelie,L'Oreal USA Products Inc,Grocery
Baxie,"Energique, Inc.",Games
Lyndsey,Unit Dose Services,Beauty
Wendall,Cardinal Health,Home
Jacquenette,"Safetec of America, Inc.",Books
Selie,Apotex Corp,Garden
Melisa,Bare Escentuals Beauty Inc.,Outdoors
Lebbie,"Energique, Inc.",Automotive
Rosana,"Good Sense (Geiss, Destin & Dunn, Inc.)",Shoes
Charo,"PD-Rx Pharmaceuticals, Inc.",Clothing
Griffy,"Inel Cosmetics Co., Ltd.",Shoes
Konstantine,ReadyMeds,Grocery
Minta,Apotheca Company,Health
Dur,Rebel Distributors Corp,Books
Izzy,Triumph Pharmaceuticals Inc.,Beauty
Karim,"Akrimax Pharmaceuticals, LLC",Electronics
Renato,"Watson Pharma, Inc.",Garden
Dugald,"NCS HealthCare of KY, Inc dba Vangard Labs",Movies
Melita,"Nelco Laboratories, Inc.",Beauty
Karyn,HOMEOLAB USA INC,Electronics
Giacinta,Oceanside Pharmaceuticals,Clothing
Lynnett,"Physicians Total Care, Inc.",Clothing
Dela,KAISER FOUNDATION HOSPITALS,Tools
Hertha,Bayer HealthCare Consumer Care,Movies
Corabelle,"Gemini Laboratories, LLC",Music
Rufus,"Lorac Cosmetics, Inc.",Baby
Nicola,Clinical Solutions Wholesale,Industrial
Gerri,Actavis Mid Atlantic LLC,Tools
Gabriella,Kmart Corporation,Tools
Suki,CVS Pharmacy,Movies
Armin,"SHISEIDO CO., LTD.",Outdoors
Pen,"Lofthouse of Fleetwood, Ltd.",Books
Alanah,"BioActive Nutritional, Inc.",Beauty
Ilka,"Lil' Drug Store Products, Inc.",Baby
Derrik,"Aloe Care International, LLC",Industrial
Nilson,"General Injectables & Vaccines, Inc",Electronics
Conny,Haemonetics Manufacturing Inc,Automotive
Any,"Antigen Laboratories, Inc.",Tools
Whitman,REMEDYREPACK INC.,Kids
Allyn,"Janssen Biotech, Inc.",Sports
Richmound,Dr. Donna Restivo DC,Home
Keriann,"Physicians Total Care, Inc.",Clothing
Averell,Lineage Therapeutics Inc.,Sports
Terrie,AvPAK,Automotive
Daniel,"True Botanica, LLC",Tools
Gaby,"PHOENIX HEALTHCARE SOLUTIONS, LLC",Tools
Nichole,"Golden State Medical Supply, Inc.",Kids
Jamie,Mylan Pharmaceuticals Inc.,Jewelery
Giffie,SHISEIDO AMERICAS CORPORATION,Clothing
Kary,"PHOENIX HEALTHCARE SOLUTIONS, LLC",Tools
Vivienne,"Skin Sake, LLC",Beauty
Otis,SUPERVALU INC.,Clothing
Burlie,"Cephalon, Inc.",Movies
Claribel,Actavis Mid Atlantic LLC,Games
Fidelio,L'Oreal USA Products Inc,Books
Sileas,"Antigen Laboratories, Inc.",Industrial
Andy,Amerisource Bergen,Baby
Helge,Sandoz Inc,Beauty
Kermit,Aurobindo Pharma Limited,Music
Lexis,"Nelco Laboratories, Inc.",Home
Geoff,HEB,Music
Shayne,"KEDRION BIOPHARMA, INC",Garden
Sibbie,REMEDYREPACK INC.,Tools
Kimmie,Procter & Gamble Manufacturing Co.,Books
Dael,The Magni Company,Music
Hobard,"Teva Parenteral Medicines, Inc.",Sports
Stefan,"China Ningbo Shangge Cosmetic Technology Corp,",Outdoors
Harland,Topco Associates llc,Shoes
Honoria,Aero All Gas Company,Games
Tore,Jubilant HollisterStier LLC,Electronics
Dorelia,Mary Kay Inc.,Tools
Foss,Zandi LLC,Tools
Waldon,Golden Sun DBA Newhall Laboratories,Outdoors
Jeremie,Bonne Bell LLC,Automotive
Karel,Kroger Company,Outdoors
Gearard,Northstar Rx LLC,Automotive
Darn,Walgreens Company,Shoes
Ryley,"Nelco Laboratories, Inc.",Computers
Jedediah,"Genentech, Inc.",Baby
Loren,American Health Packaging,Outdoors
Chelsy,HyVee Inc,Industrial
Juieta,Perrigo New York Inc,Shoes
Ansel,"Idelle Labs, Ltd",Kids
Antonella,"ALK-Abello, Inc.",Grocery
Alicea,Safeway,Books
Steven,"thinkOperations,LLC",Outdoors
Wilmer,SHISEIDO AMERICAS CORPORATION,Music
Tamma,Insight Pharmaceuticals,Beauty
Ody,Rebel Distributors Corp,Games
Torrence,"Global Pharmaceuticals, Division of Impax Laboratories, Inc.",Toys
Hal,Lake Erie Medical & Surgical Supply DBA Quality Care Products LLC,Tools
Jamie,"Preferred Pharmaceuticals, Inc.",Health
Lynnea,REMEDYREPACK INC.,Automotive
Gabrielle,"Hospira, Inc.",Books
Natalee,REMEDYREPACK INC.,Games
Kinny,"Fresenius Kabi USA, LLC",Outdoors
Britteny,STAT RX USA LLC,Health
Olivie,"Nelco Laboratories, Inc.",Clothing
Tiebout,Sandoz Inc,Industrial
Iona,Rimmel Inc.,Books
Margareta,Uriel Pharmacy Inc.,Shoes
Hall,TOPCO ASSOCIATES LLC,Movies
Marie,Cardinal Health,Shoes
Sisely,"Teva Parenteral Medicines, Inc.",Beauty
Jillian,NorthStar Rx LLC,Baby
Crissy,Lake Erie Medical DBA Quality Care products LLC,Kids
Farand,STAT RX USA LLC,Home
Christos,STAT RX USA LLC,Books
Cindelyn,"Physicians Total Care, Inc.",Games
Sarajane,"Fenwal, Inc.",Grocery
Gustav,Aurobindo Pharma Limited,Sports
Jess,Topco Associates LLC,Jewelery
Atlanta,Otsuka America Pharmaceutical Inc.,Shoes
Carlos,"Physicians Total Care, Inc.",Health
Riane,Uriel Pharmacy Inc.,Games
Beatrisa,Fischer Pharmaceuticals Ltd,Sports
Karolina,Zydus Pharmaceuticals (USA) Inc.,Shoes
Jasmine,"Jerome Stevens Pharmaceuticals, Inc.",Movies
Roarke,"Blenheim Pharmacal, Inc.",Home
Dela,"American Regent, Inc.",Toys
Hewie,Efficient Laboratories Inc,Movies
Sarita,Major Pharmaceuticals,Garden
Margarethe,"HAMSOA PHARMACEUTICAL CO., LTD.",Books
Montague,Rebel Distributors Corp,Beauty
Tammy,"Innocutis Holdings, LLC",Books
Inge,"Altura Pharmaceuticals, Inc.",Baby
Carce,Baxter Healthcare Corporation,Jewelery
David,"Menper Distributors, Inc.",Baby
Morgana,"Elizabeth Arden, Inc",Automotive
Mela,Beiersdorf,Computers
Joey,Mylan Pharmaceuticals Inc.,Home
Euell,Ecumed Inc dba Aronson Medical,Sports
Dorothy,REMEDYREPACK INC.,Clothing
Tricia,"Taro Pharmaceuticals U.S.A., Inc.",Tools
Lusa,STAT Rx USA LLC,Sports
Flori,Qualitest Pharmaceuticals,Toys
Malynda,Woori Health Promotion Town,Garden
Lionel,Qualitest Pharmaceuticals,Outdoors
Martin,"Harrison Specialty Co., Inc.",Automotive
Gordie,"NATURE REPUBLIC CO., LTD.",Home
Christie,Rite Aid Corporation,Books
Chris,"ABC Compounding Co., Inc.",Jewelery
Lela,Eminence Organic Skin Care,Computers
Wilone,KAISER FOUNDATION HOSPITALS,Clothing
Anthiathia,Cardinal Health,Health
Ingram,NorthStar Rx LLC,Kids
Ignazio,BJWC,Garden
Forester,Cardinal Health,Automotive
Renault,"Changzhou Jianze Sanitary Material Co., Ltd.",Clothing
Bernice,"Seyer Pharmatec, Inc.",Automotive
Suzette,CVS Pharmacy,Toys
Norene,"Natural Creations, Inc.",Health
Estevan,Aidarex Pharmaceuticals LLC,Computers
Mignon,Walgreen's Co,Movies
Lilyan,Bryant Ranch Prepack,Industrial
Skell,Washington Homeopathic Products,Home
Caroljean,"Nelco Laboratories, Inc.",Clothing
Creight,BCM Ltd,Computers
Gerty,Pharmacia and Upjohn Company,Games
Bryon,ORIGINS NATURAL RESOURCES INC.,Books
Emlyn,Bobbi Brown Professional Cosmetics Inc.,Jewelery
Lorine,Ranbaxy Pharmaceuticals Inc.,Music
Andrej,"Johnson & Johnson Consumer Products Co., Division of Johnson & Johnson Consumer Companies, Inc.",Movies
Pebrook,"Physicians Total Care, Inc.",Kids
Lamont,"Vertra, Inc",Baby
Doy,Energetix Corp,Music
Carlotta,"Deb USA, Inc.",Jewelery
Jacinta,HyVee Inc,Shoes
Les,"Dispensing Solutions, Inc.",Sports
Errick,"Nelco Laboratories, Inc.",Home
Colette,GlaxoSmithKline LLC,Shoes
Jasen,King Bio Inc.,Shoes
Terencio,"NextWave Pharmaceuticals, Inc.",Electronics
Gardy,OUR FAMILY (Nash Finch Company),Beauty
Shawn,Jubilant HollisterStier LLC,Computers
Arlena,Haw Par Healthcare Ltd.,Music
Hall,Contract Pharmacy Services-PA,Music
Jolee,Perrigo New York Inc,Jewelery
Reginauld,"HAMSOA PHARMACEUTICAL CO., LTD.",Sports
Chip,"ALK-Abello, Inc.",Baby
Anissa,"Antigen Laboratories, Inc.",Kids
Orin,"Pliva, Inc.",Beauty
Kristyn,Care One (American Sales Company),Home
Lorraine,McKesson Contract Packaging,Shoes
Keely,HyVee Inc,Clothing
Lance,Geritrex Corp.,Industrial
Rufe,"General Injectables & Vaccines, Inc",Home
Sonya,Rebel Distributors Corp,Kids
Hatti,McKesson Contract Packaging,Music
Cordy,"TONYMOLY CO., LTD.",Kids
Alric,"Yuyao Jessie Commodity Co.,Ltd.",Beauty
Leonid,"NCS HealthCare of KY, Inc dba Vangard Labs",Computers
Allistir,Home Sweet Homeopathics,Tools
Levi,Apotheca Company,Sports
Glenda,"Silarx Pharmaceuticals, Inc",Computers
Cherry,Reckitt Benckiser LLC,Garden
Biron,Nash Finch Company,Jewelery
Addi,"Physicians Total Care, Inc.",Home
Morganne,BCM Cosmetique SAS,Automotive
Lexine,REMEDYREPACK INC.,Grocery
Hank,Laboratoires dermo Cosmetik Inc,Health
Larry,Colgate-Palmolive,Movies
Valida,Kimball Midwest,Shoes
Ozzie,AstraZeneca Pharmaceuticals LP,Movies
Pate,McKesson,Computers
Cyb,American Sales Company,Grocery
Devora,"Antigen Laboratories, Inc.",Health
Jeramey,"Takeda Pharmaceuticals America, Inc.",Beauty
Terrell,Apotex Corp,Baby
Arabella,"AMI Cosmetic Co.,Ltd.",Computers
Christy,"Deseret Biologicals, Inc.",Health
Norrie,"Deseret Biologicals, Inc.",Outdoors
Beatrice,"Orphan Europe, SARL",Tools
Gerrie,"Chattem, Inc.",Movies
Roderic,Apotex Corp.,Toys
Conant,"Access Business Group, LLC",Kids
Sim,"NATURE REPUBLIC CO., LTD.",Sports
Joe,"GOWOONSESANG COSMETICS CO., LTD.",Sports
Celesta,Cardinal Health,Beauty
Roz,"Reckitt Benckiser, Inc.",Garden
Faulkner,"Antigen Laboratories, Inc.",Garden
Tirrell,"San Jamar, Inc",Books
Shirl,Bryant Ranch Prepack,Clothing
Cirstoforo,Ventura International LTD.,Computers
Lonee,L. Perrigo Company,Grocery
Courtenay,"AAA Pharmaceutical, Inc.",Beauty
Constantine,REMEDYREPACK INC.,Health
Shell,CVS Pharmacy,Music
Jonas,Aurobindo Pharma Limited,Industrial
Rafaela,"Rising Pharmaceuticals, Inc",Grocery
Cosette,"Avon Products, Inc",Outdoors
Kale,"Nelco Laboratories, Inc.",Clothing
Guillermo,Purminerals,Movies
Bogey,REMEDYREPACK INC.,Shoes
Yanaton,Shire LLC,Computers
Francesco,American Health Packaging,Kids
Carmel,"Newton Laboratories, Inc.",Garden
Zaccaria,"NCS HealthCare of KY, Inc dba Vangard Labs",Clothing
Kitty,Clinical Solutions Wholesale,Toys
Shannan,"ROBELL RESEARCH, INC.",Electronics
Shelton,ALDI INC.,Movies
Kiley,"EMD Serono, Inc.",Baby
Lanny,"OMP, INC.",Electronics
Vivien,Clinical Solutions Wholesale,Industrial
Carson,NorthStar RxLLC,Computers
Tabor,Cardinal Health,Baby
Edwina,Cadila Healthcare Limited,Toys
Colin,Cardinal Health,Garden
Vivi,"Hospira, Inc.",Home
Sanford,"AvKARE, Inc.",Books
Lorene,"Hospira, Inc.",Electronics
Aldric,Kmart Corporation,Automotive
Sig,Cipla Limited,Baby
Anallise,"Babor Cosmetics America, Corp.",Outdoors
Caritta,"Amneal Pharmaceuticals of New York, LLC",Toys
Carlin,"Professional Disposables International, Inc.",Computers
Jan,"Pacific Pharma, Inc.",Beauty
Lucais,"Allergy Laboratories, Inc.",Garden
Emalee,"Nelco Laboratories, Inc.",Games
Brenden,REMEDYREPACK INC.,Toys
Gaby,Stat Rx USA,Tools
Bran,"Takeda Pharmaceuticals America, Inc.",Industrial
Bealle,Zydus Pharmaceuticals USA Inc,Home
Martynne,Washington Homeopathic Products,Kids
Mellisa,"GREAT LAKES WHOLESALE, MARKETING, & SALES, INC.",Kids
Starla,Sunway Biotech LLC,Health
Devlin,"AvKARE, Inc.",Books
Crista,West-ward Pharmaceutical Corp.,Shoes
Germaine,Merck Sharp & Dohme Corp.,Shoes
Orren,Natural Health Supply,Clothing
Katrinka,American Red Cross,Books
Wren,Clinical Solutions Wholesale,Computers
Lee,"Physicians Total Care, Inc.",Outdoors
Caresse,Aidarex Pharmaceuticals LLC,Health
Robinet,Richard E. Colgin I. Ltd,Computers
Marris,"Aplicare, Inc.",Sports
Angie,Teva Pharmaceuticals USA Inc,Home
Amberly,McKesson Packaging Services a business unit of McKesson Corporation,Industrial
Klarika,"ALK-Abello, Inc.",Movies
Vickie,WOCKHARDT LIMITED,Computers
Theodora,American Health Packaging,Clothing
Karlen,"Antigen Laboratories, Inc.",Home
Forest,Mylan Pharmaceuticals Inc.,Outdoors
Kameko,SHISEIDO AMERICAS CORPORATION,Sports
Bayard,Meijer Distribution Inc,Automotive
Toma,Wockhardt Limited,Toys
Cherilynn,Procter & Gamble Manufacturing Company,Jewelery
Valencia,CA-BOTANA INTERNATIONAL,Movies
Cheri,B4 Ventures LLC,Music
Araldo,H E B,Automotive
Garrard,Mylan Pharmaceuticals Inc.,Music
Agatha,Provision Medical,Jewelery
Tamarah,West-ward Pharmaceutical Corp,Jewelery
Ula,Apotheca Company,Garden
Bailey,"E. FOUGERA & CO., A division of Fougera Pharmaceuticals Inc.",Clothing
Harrie,Wockhardt USA LLC.,Industrial
Ryon,"Genentech, Inc.",Tools
Mal,"RECORDATI RARE DISEASES, INC.",Shoes
Stanwood,TOPCO ASSOCIATES LLC,Industrial
Daloris,"Church & Dwight Co., Inc.",Sports
Madlin,"Antigen Laboratories, Inc.",Automotive
Saraann,"Nelco Laboratories, Inc.",Garden
Alanna,Cardinal Health,Beauty
Audie,Lake Erie Medical DBA Quality Care Products LLC,Beauty
Jessalyn,Walgreens Company,Computers
Bertie,"Nelco Laboratories, Inc.",Jewelery
Kakalina,Parfums Christian Dior,Movies
Rivalee,Rite Aid,Games
Codie,"Antigen Laboratories, Inc.",Grocery
Emalee,"Aphena Pharma Solutions - Tennessee, LLC",Grocery
Lorin,"Newton Laboratories, Inc.",Health
Devan,Uriel Pharmacy Inc.,Home
Harlie,"Deseret Biologicals, Inc.",Garden
Hermann,Rite Aid Corporation,Automotive
Hermann,"Physicians Total Care, Inc.",Computers
Drew,Jubilant HollisterStier LLC,Music
Arthur,Bob Barker,Health
Bartie,Neutrogena Corporation,Garden
Wileen,"Henry Schein, Inc.",Grocery
Helge,Neutrogena Corporation,Movies
Rance,Apotex Corp.,Baby
Chickie,"Physicians Total Care, Inc.",Sports
Elvira,"NATURE REPUBLIC CO., LTD.",Industrial
Minnaminnie,Krogers,Kids
Marylynne,Premier Brands of America Inc.,Home
Timofei,"Prestige Brands Holdings, Inc.",Health
Davidde,"International Medication Systems, Limited",Sports
Vin,"Physicians Total Care, Inc.",Home
Vinny,Boots Retail USA Inc,Baby
Freeland,"GOJO Industries, Inc.",Sports
Prisca,"Ventura International, LTD",Sports
Brice,CVS Pharmacy,Grocery
Corissa,"TAGI Pharma, Inc.",Books
Jacquelin,"Antigen Laboratories, Inc.",Industrial
Arel,Legacy Pharmaceutical Packaging,Industrial
Martino,"Lorac Cosmetics, Inc.",Games
Theda,American Sales Company,Jewelery
Catherine,Cardinal Health,Shoes
Fredra,"Chattem, Inc.",Health
Willette,HEB,Movies
Gladi,Pliva Inc.,Health
Cynthia,"Nelco Laboratories, Inc.",Baby
Wendell,"Dispensing Solutions, Inc.",Electronics
Fawn,University of Michigan Health System dba MedEquip,Movies
Bran,State of Florida DOH Central Pharmacy,Books
Lillis,KIK Custom Products,Health
Idalia,American Sales Company,Baby
Roze,"Fresenius Kabi USA, LLC",Music
Yancey,"Mutual Pharmaceutical Company, Inc.",Beauty
Deanna,Virtus Pharmaceuticals LLC,Clothing
Katya,"Dr. Dennis Gross Skincare, LLC",Sports
Simeon,"Aidance Skincare & Topical Solutions, LLC",Baby
Magdalen,"Physicians Total Care, Inc.",Shoes
Harli,Neutrogena Corporation,Games
Jaclyn,Energetix Corp,Industrial
Horacio,"BioActive Nutritional, Inc.",Music
Caresa,ESTEE LAUDER INC,Kids
Myrtice,"MedVantx, Inc.",Sports
Stephen,"Aegerion Pharmaceuticals, Inc.",Health
Vincents,Western Family Foods Inc,Industrial
Ian,Cadila Healthcare Limited,Garden
Doyle,SHISEIDO AMERICAS CORPORATION,Books
Georgie,Bryant Ranch Prepack,Outdoors
Clary,Walgreen Company,Computers
Reinhold,"WG Critical Care, LLC",Shoes
Codie,Mylan Institutional Inc.,Music
Melicent,Bryant Ranch Prepack,Games
Saunder,Major Pharmaceuticals,Beauty
Sela,Major Pharmaceuticals,Health
Mirabelle,"Compania Internacional de Comercio, S.A. de C.V.",Sports
Corabel,CVS Pharmacy,Electronics
Esma,"Otsuka America Pharmaceutical, Inc.",Electronics
Kari,Contract Pharmacy Services-PA,Movies
Andrus,Guerlain,Clothing
Amye,"Golden State Medical Supply, Inc.",Outdoors
Noreen,Norwood Packaging Ltd.,Outdoors
Ronda,Pfizer Consumer Healthcare,Health
Kaila,"Trinity Pharmaceuticals, LLC",Beauty
Valma,"L.N.K. International, Inc.",Shoes
Parrnell,REMEDYREPACK INC.,Jewelery
Winny,Uriel Pharmacy Inc.,Electronics
Glenna,WOCKHARDT LIMITED,Clothing
Silas,Apotheca Company,Clothing
Janet,Apotheca Company,Games
Jessica,REMEDYREPACK INC.,Baby
Alysa,KAISER FOUNDATION HOSPITALS,Music
Charley,Western Family Foods Inc,Outdoors
Orelee,"SHISEIDO CO., LTD.",Baby
Nicol,Rubbermaid Commercial Products LLC,Music
Coletta,"ALK-Abello, Inc.",Shoes
Talbert,"NCS HealthCare of KY, Inc dba Vangard Labs",Sports
Marice,Ben E. Keith,Computers
Jeniece,Harmon Stores Inc.,Jewelery
Suzette,AbbVie Inc.,Tools
Dawn,"NexAir, LLC",Home
Mariam,"Physicians Total Care, Inc.",Computers
Jacques,Energetix Corp,Computers
Deane,SHISEIDO AMERICAS CORPORATION,Sports
Camey,"PD-Rx Pharmaceuticals, Inc.",Automotive
Billie,"Nelco Laboratories, Inc.",Toys
Shea,"Nelco Laboratories, Inc.",Grocery
Des,Sintal International Inc DBA Comfort Touch,Music
Cortie,"Stila Styles, LLC",Music
Ermin,"Dolgencorp, LLC",Books
Cal,Publix Super Markets Inc,Automotive
Chaim,"Paddock Laboratories, Inc.",Games
Simone,"Blenheim Pharmacal, Inc.",Computers
Lyman,McKesson,Tools
Odille,"Physicians Total Care, Inc.",Computers
Gabe,"ALK-Abello, Inc.",Automotive
Dian,Unique Holding Group Inc,Shoes
Rita,Direct Rx,Computers
Raddy,Teva Pharmaceuticals USA Inc,Toys
Conway,Bryant Ranch Prepack,Music
Gabie,Celgene Corporation,Games
Thekla,Rite Aid,Computers
Clerissa,"TAYLOR JAMES, LTD.",Books
Jessa,"NCS HealthCare of KY, Inc dba Vangard Labs",Clothing
Molly,"Allergy Laboratories, Inc.",Shoes
Petey,Publix Super Markets Inc,Beauty
Tony,Laboratoires M&L,Music
Marian,Meijer,Garden
Anderson,Meijer Distribution Inc,Grocery
Fedora,"Blenheim Pharmacal, Inc.",Industrial
Corrianne,Jubilant HollisterStier LLC,Tools
Meridith,philosophy,Baby
Mitchell,ALILY (ZHANGZHOU) BATH PRODUCTS LTD.,Outdoors
Cordy,"Nelco Laboratories, Inc.",Baby
Sallee,"Glenmark Generics, Inc",Electronics
Christophorus,"Nelco Laboratories, Inc.",Books
Jaymee,"Ventura International, Limited",Movies
Aubrette,"Medline Industries, Inc.",Garden
Alidia,Cardinal Health,Books
Debor,"McNeil Consumer Healthcare Div. McNeil-PPC, Inc",Books
Richart,Aidarex Pharmaceuticals LLC,Toys
Rob,Meijer Distribution Inc,Kids
Jobi,Meijer Distribution Inc,Tools
Antonina,"Antigen Laboratories, Inc.",Industrial
Clair,Medtech Products Inc.,Tools
Erhard,Mylan Institutional Inc.,Beauty
Franchot,"Epic Pharma, LLC",Baby
Boyd,State of Florida DOH Central Pharmacy,Outdoors
Rowe,American Health Packaging,Garden
Giselbert,Boots Retail USA Inc,Jewelery
Erinn,CareFusion 213 LLC,Music
Lynea,"Napoleon Perdis Cosmetics, Inc",Books
Robinette,Qualitest Pharmaceuticals,Sports
Stacia,"MedVantx, Inc.",Clothing
Caroline,SHISEIDO AMERICAS CORPORATION,Sports
Kristel,"Taro Pharmaceuticals U.S.A., Inc.",Movies
Zorina,American Health Packaging,Sports
Theobald,Access Business Group LLC,Electronics
Marlin,"Ventura Corporation (San Juan, P.R)",Shoes
Katrine,"Global Pharmaceuticals, Division of Impax Laboratories Inc.",Outdoors
Grier,G.D. Searle LLC Division of Pfizer Inc,Clothing
Dee dee,Barr Laboratories Inc.,Home
Ketti,Lundbeck LLC,Sports
Hasty,"Native Remedies, LLC",Games
Abbye,"Acino Products, LLC.",Automotive
Cahra,Proficient Rx LP,Sports
Levi,"Airgas Northern California and Nevada, Inc.",Garden
Ragnar,Bryant Ranch Prepack,Computers
Elli,Delon Laboratories (1990) Ltd,Books
Brew,Rodan & Fields,Industrial
Townsend,Kmart Corporation,Books
Udell,"Clientele, Inc.",Baby
Miran,"Mycone Dental Supply Co., Inc DBA Keystone Industries and Deepak Products Inc",Tools
Hedwiga,LaCorium Health USA Inc,Home
Zacherie,"H.J. Harkins Company, Inc.",Books
Rafaelita,Wakefern Food Corporation,Shoes
Jenelle,Laboratoires Clarins S.A,Garden
Wright,"Avon Products, Inc.",Home
Carmen,"Nova Homeopathic Therapeutics, Inc.",Movies
Barton,"Praxair Distribution, Inc.",Tools
Laughton,"Colgate Oral Pharmaceuticals, Inc.",Tools
Mil,REMEDYREPACK INC.,Grocery
Asia,"FOCUS Laboratories, Inc.",Books
Ki,Good Neighbor Pharmacy,Grocery
Birgitta,"Nelco Laboratories, Inc.",Tools
Gretna,St Marys Medical Park Pharmacy,Beauty
Venita,Sanum Kehlbeck GmbH & Co. KG,Health
Yorker,Zydus Pharmaceuticals (USA) Inc.,Grocery
Levey,Cardinal Health,Beauty
Minetta,The Mentholatum Company,Tools
Ardys,CVS Pharmacy,Beauty
Sephira,TYA Pharmaceuticals,Tools
Astra,"Ningbo Dowland Daily Health Co., Ltd",Outdoors
Heath,"NCS HealthCare of KY, Inc dba Vangard Labs",Industrial
Regen,"Aton Pharma, Inc.",Movies
Aundrea,The Kroger Co.,Home
Marne,CVS Pharmacy,Books
Verla,"Johnson & Johnson Healthcare Products, Division of McNEIL-PPC, Inc.",Sports
Woodman,Richmond Division of Wyeth,Music
Dredi,"Profesional Disposables International, Inc.",Home
Godwin,"Antigen Laboratories, Inc.",Clothing
Wiley,Uriel Pharmacy Inc.,Games
Winnie,"Preferred Pharmaceuticals, Inc.",Beauty
Wenda,"Personal Care Products, LLC",Clothing
Lucie,Rebel Distributors Corp,Home
Donall,AvPAK,Grocery
Monti,"The Hain Celestial Group, Inc.",Beauty
Etan,Washington Homeopathic Products,Sports
Joyce,"ABCO Laboratories, Inc",Electronics
Leeanne,Procter and Gamble Manufacturing Company,Computers
Luciana,SHISEIDO AMERICAS CORPORATION,Garden
Galina,Aidarex Pharmaceuticals LLC,Baby
Brett,Par Pharmaceutical Inc.,Kids
Dorothea,Unit Dose Services,Health
Starr,Energizer Personal Care LLC,Movies
Ursola,LEO Pharma Inc.,Sports
Sherie,Novartis Consumer Health Inc.,Tools
Tracee,OPI Products Inc.,Home
Gran,"Enzyme Solutions, Inc.",Computers
Ange,"Antigen Laboratories, Inc.",Jewelery
Kania,WEGMANS FOOD MARKETS INC,Sports
Elihu,"Newton Laboratories, Inc.",Clothing
Sorcha,Northwind Pharmaceuticals,Movies
Gladi,Likewise Incorporated,Shoes
Christian,"Nelco Laboratories, Inc.",Kids
Shane,Mylan Institutional Inc.,Tools
Benedicta,Apotheca Company,Home
Nicolis,Macoven Pharmaceuticals LLC,Home
Marilin,"Physicians Total Care, Inc.",Clothing
Em,Sandoz Inc,Jewelery
Cassi,The Procter & Gamble Manufacturing Company,Shoes
Martica,Neutrogena Corporation,Shoes
Alana,B. Braun Medical Inc.,Kids
Emmalynn,"Biometics Co.,Ltd.",Automotive
Raviv,B. Braun Medical Inc.,Games
Augy,"Hospira Worldwide, Inc.",Jewelery
Chandra,"MSD Consumer Care, Inc.",Electronics
Maude,The Mentholatum Company,Automotive
Glori,"Chattem, Inc.",Shoes
Beverlee,"Teva Parenteral Medicines, Inc.",Shoes
Ursuline,Whole Foods Market,Shoes
Dorolisa,"Blenheim Pharmacal, Inc.",Computers
Ailis,"Humanwell PuraCap Pharmaceutical (Wuhan), Ltd.",Computers
Muriel,"PD-Rx Pharmaceuticals, Inc.",Toys
Elias,"Roxane Laboratories, Inc",Toys
Shirlee,"ALK-Abello, Inc.",Health
Chaunce,Procter & Gamble Manufacturing Co.,Baby
Kori,Dalian Goodwood Medical Care Ltd.,Beauty
Vachel,GlaxoSmithKline Biologicals SA,Kids
Jeth,"NCS HealthCare of KY, Inc dba Vangard Labs",Beauty
Trumaine,"SHISEIDO CO., LTD.",Electronics
Denver,Aurobindo Pharma Limited,Tools
Jasun,Ulta,Electronics
Anna-maria,"DOLGENCORP, LLC",Grocery
Aridatha,King Bio Inc.,Computers
Gerek,"Allermed Laboratories, Inc.",Games
Janelle,McKesson Contract Packaging,Books
Victoria,"Benefit Cosmetics, LLC",Outdoors
Jard,Dalian Goodwood Medical Care Ltd.,Games
Craig,Uriel Pharmacy Inc.,Computers
Alistair,State of Florida DOH Central Pharmacy,Clothing
Kellia,Baxter Healthcare Corporation,Toys
Benny,"Taro Pharmaceuticals U.S.A., Inc.",Outdoors
Carmon,Rebel Distirbutors Corp,Baby
Jefferey,Aurobindo Pharma Limited,Beauty
Dorey,GUILIN TIANHE PHARMACEUTICAL CO LTD,Shoes
Gavra,"MSD Consumer Care, Inc.",Garden
Theodosia,Cardinal Health,Clothing
Melantha,SCIENCE OF SKINCARE LLC,Movies
Devy,"ATOMY CO., LTD.",Outdoors
Kingsly,Procter & Gamble Manufacturing Company,Home
Christiane,AMERICAN SALES COMPANY,Health
Andriette,"Golden State Medical Supply, Inc.",Music
Modesta,Cardinal Health,Industrial
Rhonda,"HUB Pharmaceuticals, Inc.",Automotive
Jemie,"Jiangsu Province JianErKang Medical Dressing Co. ,Ltd.",Games
Lazar,Carilion Materials Management,Clothing
Chris,Uriel Pharmacy Inc.,Jewelery
Celestia,RITE AID CORPORATION,Toys
Charla,"Deb USA, Inc.",Health
Luella,Apotheca Company,Electronics
Donni,LABORATOIRES M&L,Kids
Roberta,Apotheca Company,Home
Melosa,H E B,Kids
Humphrey,Jubilant HollisterStier LLC,Home
Cesya,Target Corporation,Sports
Judi,"Preferred Pharmaceuticals, Inc.",Games
Perry,Clinical Solutions Wholesale,Garden
Phillie,Aurobindo Pharma Limited,Outdoors
Tabbi,"Physicians Total Care, Inc.",Toys
Sigrid,McKesson,Baby
Sigvard,"Upsher-Smith Laboratories, Inc.",Automotive
Pincas,Uriel Pharmacy Inc.,Grocery
Thatcher,"Aphena Pharma Solutions - Tennessee, LLC",Industrial
Lanita,WOCKHARDT LIMITED,Toys
Ermengarde,AMOREPACIFIC,Movies
Trace,"Ingenus Pharmaceuticals, LLC",Garden
Arnaldo,King Bio Inc.,Computers
Petronilla,"Aplicare, Inc.",Books
Evvy,STAT RX USA LLC,Games
Roarke,STAT RX USA LLC,Shoes
Joella,Lake Erie Medical DBA Quality Care Products LLC,Books
Kendal,"Silarx Pharmaceuitcals, Inc",Movies
Shamus,Procter & Gamble Manufacturing Company,Electronics
Mechelle,"Nelco Laboratories, Inc.",Beauty
Harper,"ALK-Abello, Inc.",Automotive
Manuel,REMEDYREPACK INC.,Movies
Evangelin,"Alcon Laboratories, Inc.",Grocery
Romonda,"Henry Schein, Inc.",Movies
Agata,CARDINAL HEALTH,Shoes
Cobbie,"PD-Rx Pharmaceuticals, Inc.",Beauty
Sam,Kosan Kozmetik Sanayi ve Ticaret A.S.,Automotive
Bendite,Teva Pharmaceuticals USA Inc,Books
Gerhardt,Teva Pharmaceuticals USA Inc,Movies
Candice,GlaxoSmithKline LLC,Clothing
Abdul,Meijer Distribution Inc,Home
Katherina,REMEDYREPACK INC.,Home
Alec,"Energique, Inc.",Health
Kimmie,The Wise Alternative,Health
Neill,Portal Inc.,Shoes
Herminia,Zep Inc.,Grocery
Valaree,Bryant Ranch Prepack,Toys
Maxwell,Endo Pharmaceuticals Inc.,Beauty
Marielle,Cardinal Health,Games
Robbie,Mylan Institutional Inc.,Sports
Nico,Uriel Pharmacy Inc.,Tools
Jacinthe,Baxter Healthcare Corporation,Music
Constance,Novartis Pharmaceuticals Corporation,Automotive
Aimee,CSL Behring LLC,Kids
Mel,The Body Shop Wake Forest,Beauty
Clemente,"Skinfix, Inc.",Industrial
Park,Apotheca Company,Music
Harbert,Dr. Reddy's Laboratories Inc,Music
Jude,Meijer Distribution Inc,Kids
Shelby,Procter & Gamble Manufacturing Co.,Health
Vevay,State of Florida DOH Central Pharmacy,Outdoors
Darrelle,A-S Medication Solutions LLC,Jewelery
Griz,Procter & Gamble Manufacturing Company,Computers
Barnard,"Physicians Total Care, Inc.",Industrial
Cyril,Proficient Rx LP,Tools
Wenonah,Pliva Inc.,Books
Daniella,REMEDYREPACK INC.,Jewelery
Chester,"Upsher-Smith Laboratories, Inc.",Clothing
Rene,"OMP, INC.",Books
Janeta,"Physicians Total Care, Inc.",Sports
Gnni,"Physicians Total Care, Inc.",Books
Hasheem,"Cinogen Cosmetics Zhaoqing, LTD.",Toys
Rollo,Micro Labs Limited,Shoes
Chadwick,"Blacksmith Brands, Inc.",Industrial
Joann,REMEDYREPACK INC.,Industrial
Carlee,"Roxane Laboratories, Inc",Industrial
Magdalen,"PD-Rx Pharmaceuticals, Inc.",Toys
Bernarr,Cardinal Health,Movies
Fairfax,"Nelco Laboratories, Inc.",Sports
Jere,"Ningbo United Group Co., Ltd.",Games
Shandy,Gen-Source Rx,Beauty
Giacomo,"SHISEIDO CO., LTD.",Beauty
Quentin,Novartis Pharmaceuticals Corporation,Beauty
Patience,"Glenmark Generics, Inc",Outdoors
Stanly,"Nelco Laboratories, Inc.",Music
Evey,Major Pharmaceuticals,Jewelery
Phyllida,"Physicians Total Care, Inc.",Garden
Ripley,"Hospira, Inc.",Automotive
Rowan,Mylan Institutional Inc.,Music
Noreen,Sanofi Pasteur Inc.,Books
Allsun,"Teva Parenteral Medicines, Inc.",Games
Virge,Walgreen Co,Games
Farlay,"H and P Industries, Inc. dba Triad Group",Clothing
Evangelina,"Hospira, Inc.",Music
Lemar,STAT Rx USA LLC,Grocery
Agretha,Proficient Rx LP,Music
Theodore,Bryant Ranch Prepack,Garden
Christyna,"Nature's Innovation, Inc.",Music
Bernadina,"Silarx Pharmaceuticals, Inc",Jewelery
Kandace,Premier Brands of America Inc.,Books
Dillie,"Aaron Industries, Inc.",Jewelery
Merlina,"GREAT LAKES WHOLESALE, MARKETING, & SALES, INC.",Sports
Viviyan,"Lannett Company, Inc.",Grocery
Waite,Parfums Christian Dior,Home
Rolph,"General Injectables & Vaccines, Inc",Electronics
Noah,"Physicians Total Care, Inc.",Books
Emmalee,Cantrell Drug Company,Beauty
Ginelle,H E B,Shoes
Renado,"Gurwitch Products, L.L.C.",Outdoors
Flossy,Walgreen Company,Baby
Harvey,West-ward Pharmaceutical Corp,Shoes
Milo,"Physicians Total Care, Inc.",Tools
Barron,Natural Health Supply,Industrial
Stevy,"BioActive Nutritional, Inc.",Health
Hank,"General Injectables & Vaccines, Inc",Beauty
Lindy,Cardinal Health,Home
Lisa,Amerisource Bergen,Kids
Teodora,Meijer,Toys
Krispin,"Humanwell PuraCap Pharmaceutical (Wuhan), Ltd.",Computers
Hewett,PuraVation Pharmaceuticals Inc,Garden
Odilia,Procter & Gamble Manufacturing Co.,Home
Burke,HyVee Inc,Games
Filia,Wockhardt USA LLC.,Beauty
Felipe,American Health Packaging,Music
Judye,"Fresenius Kabi USA, LLC",Electronics
Neila,Kosan Kozmetik Sanayi ve Ticaret A.S.,Sports
Hill,STAT Rx USA LLC,Jewelery
Ludovico,REMEDYREPACK INC.,Garden
Corina,Cosmetic Developments Limited,Tools
Buddie,Procter & Gamble Manufacturing Company,Movies
Salim,Cardinal Health,Automotive
Roxy,"SKINFOOD CO., LTD.",Shoes
Helyn,Lake Erie Medical DBA Quality Care Products LLC,Grocery
Nadean,Mckesson (Sunmark),Shoes
Bride,Rebel Distributors Corp,Shoes
Packston,HOMEOLAB USA INC,Books
Veronique,Physician Therapeutics LLC,Jewelery
Hieronymus,"Just Play, LLC",Movies
Alika,Parfums Christian Dior,Jewelery
Gifford,"NATURE REPUBLIC CO., LTD.",Beauty
Daveen,Priority Environmental Solutions,Books
Paul,"Medline Industries, Inc.",Toys
Klarrisa,Neutrogena Corporation,Clothing
Antoine,Galentic Pharma (India) Priva Te Limited,Tools
Katherina,"Alcon Laboratories, Inc.",Jewelery
Larisa,REMEDYREPACK INC.,Shoes
Tamar,Meijer Distribution Inc.,Home
Quinlan,Major Pharmaceuticals,Shoes
Reade,"Allergy Laboratories, Inc.",Toys
Gerry,"American Antibiotics,Inc",Kids
Oliviero,Bausch & Lomb Incorporated,Games
Adina,"Allermed Laboratories, Inc.",Grocery
Shalom,Uriel Pharmacy Inc.,Beauty
Tanney,"Allergy Laboratories, Inc.",Games
Nichols,Ventura Corporation LTD.,Computers
Agretha,Cadila Healthcare Limited,Computers
Greta,"Triax Pharmaceuticals, LLC",Music
Rodie,Rebel Distributors Corp,Electronics
Richmound,Endo Pharmaceuticals Inc. DBA Endo Generic Products,Baby
Tabbie,Hyland's,Health
Rose,Rise International Group LLC,Automotive
Caryl,"Golden State Medical Supply, Inc.",Shoes
Stewart,REMEDYREPACK INC.,Beauty
Jameson,"Energique, Inc.",Games
Chrisse,"Safeway, Inc.",Baby
Grier,"PD-Rx Pharmaceuticals, Inc.",Baby
Anne-corinne,Gas Innovations LLC,Home
Frans,Ventura Corporation LTD.,Electronics
Bay,Water-Jel Technologies,Books
Morena,REMEDYREPACK INC.,Automotive
Mason,"Preferred Pharmaceuticals, Inc.",Shoes
Barnabe,Kroger,Books
Staffard,Carilion Materials Management,Sports
Aryn,"Antigen Laboratories, Inc.",Tools
Agosto,"CorePharma, LLC",Shoes
Daron,"Watson Pharma, Inc.",Electronics
Milt,Barr Laboratories Inc.,Tools
Heidi,REMEDYREPACK INC.,Jewelery
Lucille,"Physicians Total Care, Inc.",Tools
Papagena,CARDINAL HEALTH,Games
Gaylor,"Watson Pharma, Inc.",Industrial
Abra,Kroger Company,Home
Vally,PureTek Corporation,Sports
Alia,ORIGINS NATURAL RESOURCES INC.,Music
Laney,Unit Dose Services,Home
Goddard,"Roxane Laboratories, Inc.",Garden
Meta,Aidarex Pharmaceuticals LLC,Garden
Tess,"Physicians Total Care, Inc.",Automotive
Steffie,McKesson,Grocery
Tedda,Walgreen Company,Sports
Reynard,"The Hain Celestial Group, Inc",Electronics
Karlyn,"Cephalon, Inc.",Clothing
Arlee,"Physicians Total Care, Inc.",Kids
Cathi,Insight Pharmaceuticals,Automotive
Gregorius,Kmart Corporation,Jewelery
Dorrie,TARGET Corporation,Shoes
